comprador,vino,cantbotellas,preciobotella,cantcajas,preciocaja,total,codigo,tiempo
970,791,19,750.87,7,1654.22,1156.48,1,71
339,149,14,127.03,3,701.85,2567.92,2,694
308,374,10,739.93,6,1706.57,1362.94,3,754
104,843,11,183.26,7,2020.56,672.86,4,707
854,437,15,802.19,16,794.35,2499.86,5,103
749,722,18,565.86,20,1040.52,558.14,6,492
218,331,19,789.36,2,1555.88,1215.59,7,301
393,731,17,956.91,12,2782.06,818.19,8,640
513,986,19,832.52,16,2187.27,2687.06,9,752
851,316,19,112.7,20,649.2,533.79,10,626
121,206,19,796.09,6,1050.5,1809.96,11,361
504,683,13,206.25,12,853.54,401.46,12,828
949,334,11,750.81,12,220.63,1023.84,13,288
812,565,18,235.46,2,2598.89,2616.64,14,772
484,34,19,747.83,20,1904.87,2055.02,15,922
887,728,12,759.67,6,1124.9,2581.46,16,740
356,651,15,182.74,17,2070.92,2778.21,17,670
453,743,10,617.79,16,738.33,2580.96,18,104
191,125,11,416.11,7,854.13,2559.66,19,161
629,161,11,283.11,10,1123.82,1343.62,20,978
227,718,12,811.14,20,1794.64,221.55,21,33
28,276,15,618.28,13,539.62,234.26,22,324
47,432,14,832.96,8,108.94,350.64,23,11
496,341,20,771.01,13,487.08,1318.62,24,43
189,851,13,541.75,13,2155.23,1029.43,25,319
780,680,16,887.99,8,2794.13,310.82,26,110
620,782,17,162.84,18,2421.22,1913.59,27,346
741,904,15,700.6,14,2108.9,1837.15,28,83
335,886,15,190.21,10,1049.24,192.84,29,617
992,95,15,248.96,16,730.83,2024.3,30,781
971,435,19,701.97,9,2733.06,2404.02,31,700
451,875,10,669.67,2,1634.31,99.27,32,197
919,697,14,571.35,7,2282.46,2749.89,33,429
583,794,19,649.56,15,2757.49,2141.11,34,346
178,440,15,489.48,9,2203.79,1205.83,35,195
12,212,15,289.91,20,575.76,786.62,36,871
49,379,17,621.0,13,1246.22,1427.97,37,149
128,259,11,943.9,6,1410.97,151.42,38,82
368,220,20,571.78,3,1166.26,1187.0,39,821
941,365,12,788.69,10,425.13,518.61,40,304
509,201,16,822.46,14,1339.12,876.88,41,543
794,145,17,335.59,3,547.88,2949.53,42,181
527,462,18,925.48,12,934.15,2710.0,43,873
27,366,13,557.1,14,1209.23,1950.17,44,747
559,707,20,592.76,9,1119.66,2392.6,45,509
937,896,10,101.0,14,2855.09,1722.84,46,719
577,946,10,882.9,4,1641.74,249.96,47,711
122,908,19,669.93,12,959.14,2567.32,48,746
260,994,11,566.4,12,2688.5,372.93,49,616
473,385,14,159.89,8,620.52,1869.69,50,155
173,23,16,191.94,9,1674.34,2325.1,51,146
933,818,12,834.15,10,1332.48,1761.97,52,679
460,753,19,183.44,12,1231.93,2430.66,53,660
874,953,14,975.81,20,2825.37,2139.07,54,497
776,383,10,794.34,18,1275.39,2690.17,55,303
410,382,11,441.32,17,2231.19,2644.64,56,733
45,889,11,306.13,10,2338.73,314.17,57,735
425,96,19,552.28,15,647.19,1619.61,58,902
19,72,11,768.7,18,2621.06,1772.64,59,474
471,492,12,173.8,14,2445.14,1489.06,60,866
450,190,18,723.12,7,1287.12,2292.06,61,609
919,521,13,964.09,10,865.6,458.62,62,191
499,315,11,91.63,7,425.41,215.18,63,333
85,794,16,609.61,7,2057.66,1554.68,64,344
589,445,12,90.02,8,1949.18,1787.25,65,76
523,231,11,202.41,7,830.29,2660.32,66,273
653,511,20,763.78,8,1885.09,1020.68,67,342
237,454,12,833.1,15,1254.24,1120.08,68,381
446,675,12,539.76,13,1240.16,1834.07,69,66
318,662,19,976.57,17,2579.95,177.03,70,123
300,87,20,822.73,10,2962.76,1427.45,71,86
848,104,19,141.68,9,2148.98,2099.47,72,274
517,987,13,406.77,5,353.84,73.65,73,349
200,471,18,250.25,16,1925.81,1426.64,74,583
995,24,18,451.04,7,1770.85,2090.14,75,464
732,126,10,979.93,19,2377.11,1120.07,76,84
592,576,19,878.34,6,779.99,458.04,77,520
607,398,13,868.4,5,455.96,2522.68,78,939
452,831,14,344.0,1,169.63,1418.56,79,938
748,923,15,192.63,13,2316.45,899.29,80,592
794,875,15,654.73,13,565.88,1704.42,81,370
398,273,17,700.02,5,1075.51,2260.6,82,743
185,759,11,402.13,17,1766.98,646.48,83,306
861,207,11,253.16,2,1034.83,540.9,84,814
456,764,12,178.34,13,623.71,2403.66,85,538
452,68,16,760.17,12,2046.44,281.35,86,659
279,398,18,738.7,7,1972.92,2193.27,87,167
442,580,10,170.69,16,1811.69,2475.64,88,925
832,421,11,93.31,19,1774.73,588.47,89,749
862,123,13,154.71,10,143.42,1307.1,90,263
875,746,18,681.31,17,1270.69,2383.43,91,802
862,981,15,984.54,12,292.19,1372.73,92,701
846,396,10,334.68,15,1979.76,2019.9,93,1
147,518,16,872.57,10,859.54,701.23,94,442
348,525,17,410.81,5,237.0,770.44,95,803
473,375,19,231.97,9,182.99,2511.88,96,414
125,608,11,279.66,15,2500.71,179.08,97,295
961,235,19,321.78,11,1947.92,501.43,98,43
914,730,20,705.3,4,2959.15,607.33,99,376
800,316,15,474.14,3,2563.35,613.91,100,839
640,135,16,185.48,2,2813.56,2335.96,101,661
839,96,12,625.28,14,1644.84,1303.26,102,112
499,719,18,223.89,3,1489.1,1458.9,103,150
456,904,16,630.86,2,2143.05,2976.01,104,632
198,819,20,369.13,13,2770.04,1894.35,105,774
571,455,15,842.66,11,252.82,1433.2,106,201
325,827,14,613.44,3,1498.39,1391.2,107,649
229,637,14,697.17,20,1898.64,778.82,108,833
36,977,11,413.61,6,208.62,2810.83,109,148
667,330,16,151.85,20,2672.75,1176.04,110,32
202,648,20,705.93,1,1155.06,1589.58,111,394
354,441,15,244.62,16,1574.65,1567.56,112,590
386,799,16,230.18,2,2920.73,858.53,113,914
350,519,18,99.97,18,1417.54,2932.64,114,96
683,110,14,139.02,16,2549.1,2529.55,115,105
363,681,10,150.88,3,2863.89,2924.66,116,859
823,727,19,785.38,19,491.21,2755.36,117,848
355,78,10,719.54,12,1778.92,1137.22,118,149
18,532,14,265.57,11,238.08,2419.57,119,205
638,981,13,282.56,20,1564.62,1009.61,120,480
353,103,17,629.82,5,1745.86,2519.68,121,512
18,643,17,397.92,19,190.35,1211.75,122,588
379,116,13,847.15,9,1705.55,892.43,123,336
377,673,16,271.19,20,2686.67,1465.01,124,249
372,25,20,557.74,8,1129.84,2728.34,125,754
91,730,18,484.97,1,520.47,2709.91,126,327
505,782,16,93.13,7,1581.89,2597.04,127,312
363,426,15,743.25,6,1075.54,2557.19,128,165
777,832,19,344.49,19,2113.35,2374.03,129,862
894,495,13,130.55,18,1951.55,2673.04,130,430
575,234,16,437.79,19,2067.29,1735.8,131,889
825,402,16,225.95,9,1669.32,2015.59,132,751
82,46,15,292.64,18,145.92,455.07,133,846
39,256,17,271.07,19,1238.82,676.77,134,435
465,289,13,902.98,18,2002.27,1579.2,135,183
255,809,19,148.62,7,526.16,918.52,136,244
429,815,20,436.39,16,2860.23,1674.87,137,526
394,22,10,915.13,20,215.46,594.81,138,463
176,275,10,106.3,9,731.05,1256.68,139,432
593,854,20,258.46,11,1363.78,595.81,140,908
362,109,14,662.95,19,1595.03,872.73,141,399
197,661,19,939.45,8,2488.03,618.82,142,356
881,830,19,415.74,2,850.69,1830.49,143,786
931,33,10,368.56,9,438.02,2686.28,144,994
902,362,15,642.49,18,1553.48,2836.21,145,110
857,204,11,301.14,6,1128.66,1428.85,146,559
445,112,19,395.32,3,676.3,1229.5,147,584
369,52,11,660.04,9,2664.33,2204.04,148,160
352,137,12,583.21,20,1901.15,1617.08,149,65
661,19,14,351.29,17,2560.1,812.33,150,733
934,109,12,733.51,11,745.08,2135.3,151,627
509,548,12,157.24,14,621.55,173.91,152,610
447,272,20,679.07,10,1871.25,1516.1,153,113
142,970,14,621.84,16,2218.45,2912.09,154,95
1,510,17,204.58,12,1871.62,961.94,155,536
458,338,11,440.21,1,1337.55,2042.44,156,724
14,97,16,447.42,6,814.11,1027.97,157,770
179,274,17,222.47,9,391.03,1731.7,158,658
744,306,20,866.34,18,657.46,2981.64,159,679
460,606,14,380.96,18,387.55,623.77,160,694
570,167,18,691.11,16,2480.81,845.13,161,792
453,140,19,565.42,11,2840.8,711.67,162,403
926,414,11,744.03,15,2420.7,1591.86,163,762
792,934,12,971.75,16,2064.69,2172.68,164,957
868,634,15,915.45,10,1772.62,2315.01,165,950
154,114,20,641.47,10,263.03,233.96,166,360
734,537,15,598.66,3,2332.0,488.96,167,679
611,553,15,793.7,8,1442.8,1400.87,168,397
371,358,12,353.63,17,890.91,2765.67,169,414
356,504,10,267.23,9,2247.75,380.47,170,317
897,970,20,440.27,6,977.46,653.99,171,348
774,974,20,200.02,5,294.5,198.29,172,399
484,791,19,913.46,3,1896.05,1462.71,173,162
871,163,10,139.9,16,2394.74,1313.84,174,848
197,799,19,373.26,2,1441.19,1483.48,175,861
673,698,20,594.12,6,387.53,2077.18,176,626
451,888,12,837.76,13,1833.55,1897.86,177,11
773,190,16,953.44,14,713.19,2860.78,178,535
87,329,19,391.69,13,2113.07,1260.29,179,434
551,698,14,371.7,8,1736.57,696.16,180,377
452,802,17,417.13,11,147.51,2869.25,181,218
919,696,16,702.66,2,717.47,869.52,182,322
777,285,16,873.71,17,1177.37,2372.16,183,408
685,998,17,321.34,13,2032.77,1990.16,184,282
188,252,20,445.36,14,2709.01,1456.67,185,282
417,182,14,912.23,1,1580.01,1071.73,186,901
79,832,14,123.21,10,947.88,349.5,187,935
131,930,14,774.83,12,2953.64,361.19,188,940
429,982,12,605.68,15,2555.39,1541.85,189,786
558,47,19,489.1,20,1922.4,859.6,190,103
397,778,19,391.5,16,2689.45,627.01,191,603
971,504,10,379.42,6,2356.39,930.86,192,37
94,576,10,366.83,7,2685.27,1057.63,193,504
1,639,10,408.96,10,2531.97,765.0,194,134
1000,21,16,108.71,8,625.67,2732.03,195,959
743,245,17,220.56,19,1169.85,2476.0,196,874
696,748,15,91.0,11,2539.09,1184.69,197,768
642,371,17,971.42,12,1321.06,1585.89,198,338
505,792,14,787.97,17,2251.26,1894.27,199,664
26,674,10,610.31,6,2939.63,1482.53,200,305
216,843,14,473.6,18,169.81,978.18,201,931
135,110,11,535.33,12,606.59,1789.49,202,114
914,884,12,494.33,8,1770.86,1906.75,203,737
13,427,18,944.0,14,1781.58,648.52,204,586
105,304,11,168.66,20,1266.92,2053.18,205,350
759,909,15,461.77,18,1177.16,1495.84,206,582
347,915,18,185.63,12,2880.09,1240.84,207,855
954,173,15,101.35,1,2155.49,2764.27,208,511
676,387,15,586.97,17,745.2,2061.45,209,481
632,363,19,793.31,2,1974.53,1481.17,210,50
897,178,17,961.67,20,1642.59,81.11,211,550
393,432,20,80.32,2,1719.98,2004.49,212,379
574,536,11,889.08,12,310.87,209.68,213,168
427,260,17,465.81,6,855.73,1898.99,214,545
719,609,16,886.29,5,236.22,2466.44,215,501
224,342,19,297.28,12,185.34,861.12,216,452
412,608,15,760.89,18,265.22,2166.47,217,722
193,476,20,463.39,15,259.36,1968.51,218,575
720,202,11,479.48,3,1850.83,2539.18,219,345
114,899,13,150.74,5,319.29,1359.83,220,128
115,874,13,979.25,10,617.89,1237.05,221,112
202,727,19,732.78,2,2031.01,1583.85,222,266
80,836,19,556.97,1,2872.7,2610.8,223,729
696,60,19,904.36,7,234.76,2249.35,224,65
819,442,11,369.03,17,297.94,1079.45,225,571
852,564,12,790.34,10,1131.27,1852.63,226,628
160,561,19,268.69,11,1906.03,1736.78,227,613
324,773,16,177.37,6,2089.21,2541.1,228,626
1000,84,10,839.68,18,1141.84,157.8,229,99
325,272,15,928.48,17,2128.77,1429.67,230,551
230,150,18,152.6,11,1475.5,128.3,231,432
125,147,18,293.32,12,1261.39,1283.47,232,81
951,453,16,522.9,15,729.91,466.26,233,258
44,921,14,842.04,18,2792.49,924.96,234,603
450,863,11,497.17,5,2856.91,886.63,235,884
225,327,15,410.34,7,2773.7,1228.04,236,878
306,334,15,169.63,8,2506.07,1380.53,237,359
525,141,13,878.32,3,1860.93,1958.99,238,604
75,680,17,703.37,12,2209.7,1122.19,239,758
224,698,17,333.3,5,2677.32,391.71,240,896
27,88,11,728.98,4,680.6,2465.58,241,748
387,260,14,945.56,20,877.69,1360.33,242,460
194,844,19,597.84,15,772.57,2516.66,243,120
647,968,19,115.99,7,722.96,2160.12,244,171
431,37,18,723.21,10,924.86,1180.78,245,80
378,549,16,850.12,1,357.59,1560.86,246,315
526,101,20,700.73,12,2818.15,1381.0,247,672
982,926,20,245.22,17,2077.72,1325.75,248,625
792,46,18,905.84,17,1004.33,655.56,249,557
279,329,11,512.74,9,2278.34,836.85,250,190
323,219,13,665.8,2,408.22,661.43,251,248
167,227,14,688.79,2,430.79,943.36,252,434
868,727,13,331.48,1,2704.14,2379.81,253,883
370,682,10,962.94,12,396.04,173.14,254,236
596,351,18,580.86,20,575.85,1633.9,255,763
709,567,15,111.28,16,1888.35,525.07,256,513
338,61,17,380.12,13,1326.64,1609.21,257,723
1000,550,13,418.27,4,2939.69,1350.69,258,462
706,14,16,256.17,17,2508.68,890.65,259,565
56,909,20,614.29,3,1222.77,1110.52,260,358
440,229,10,809.51,5,332.51,860.78,261,287
8,232,13,82.94,14,2152.32,493.67,262,137
978,679,16,609.29,18,1333.02,2139.69,263,890
173,416,20,500.1,7,1113.18,2223.28,264,449
591,348,15,222.69,20,2921.98,1597.0,265,941
406,847,11,690.45,16,2419.52,1853.08,266,713
581,908,15,909.64,4,1497.18,2138.7,267,474
610,56,14,475.41,2,1751.96,2295.79,268,248
386,692,19,177.32,20,2282.44,1571.88,269,726
861,448,11,971.19,9,2675.82,816.26,270,404
968,979,16,925.17,17,1027.55,889.89,271,619
196,965,16,387.69,10,1537.67,2229.9,272,590
925,572,14,343.73,16,2295.08,2183.33,273,729
601,108,19,917.35,18,1342.93,2037.01,274,557
632,173,18,600.64,20,246.03,846.28,275,263
226,553,15,917.22,13,1577.18,565.62,276,871
597,925,19,759.44,9,257.84,735.59,277,430
385,2,16,546.05,15,620.54,218.58,278,457
351,709,15,587.82,13,2012.73,594.24,279,173
385,333,11,464.44,10,390.36,1684.79,280,509
907,45,13,973.07,1,2820.24,1093.43,281,915
408,251,17,291.22,10,1758.55,1174.61,282,814
595,674,12,433.08,6,2688.03,552.61,283,949
516,960,15,376.57,19,867.75,385.21,284,175
309,719,13,913.53,9,1877.91,2133.38,285,595
334,672,13,184.04,20,298.35,1531.57,286,852
692,514,13,442.32,15,1752.19,2198.53,287,35
784,211,10,116.62,3,195.63,908.5,288,592
643,270,11,269.5,15,831.01,702.0,289,604
617,570,10,259.3,17,634.1,1112.52,290,449
369,72,10,534.48,10,594.44,1918.02,291,25
636,76,20,937.85,14,539.8,1601.94,292,518
103,242,12,728.52,16,1980.09,332.91,293,992
125,424,14,605.97,2,1419.37,2562.41,294,397
180,819,17,978.39,12,2103.89,905.34,295,706
825,756,11,772.41,7,1656.87,2405.08,296,421
547,26,16,489.34,10,791.49,1787.52,297,288
307,401,12,749.26,12,2839.02,1447.53,298,224
153,444,13,111.21,18,390.25,827.71,299,814
105,498,20,885.59,15,982.41,2019.41,300,389
79,319,14,288.58,9,704.85,1948.0,301,166
453,470,14,998.96,10,2188.94,897.89,302,895
996,276,13,386.92,5,2007.07,2283.37,303,590
862,899,18,229.86,17,2142.35,2253.32,304,730
795,229,17,173.37,9,1337.41,2147.16,305,200
262,192,10,582.24,20,2706.82,2348.07,306,511
28,115,16,151.21,16,1175.8,399.14,307,137
672,851,14,904.47,9,2293.14,2510.08,308,531
317,481,12,692.25,11,616.91,1242.83,309,605
378,215,14,752.7,10,121.67,376.92,310,957
512,616,12,708.68,18,1979.2,2264.95,311,66
890,837,18,152.01,5,2387.69,1049.41,312,650
20,57,17,458.15,9,1986.24,2422.65,313,350
918,733,19,969.1,9,880.57,1450.8,314,19
236,695,16,335.04,1,2405.43,2516.4,315,731
422,45,14,614.21,12,306.82,2135.83,316,350
179,948,18,156.7,5,1127.9,337.51,317,652
737,897,11,428.71,19,2829.7,2487.1,318,893
736,47,13,568.57,16,2231.75,1130.84,319,624
565,451,14,484.12,10,1770.21,785.79,320,894
24,777,15,81.4,13,2363.77,2726.57,321,116
460,991,10,160.55,13,2634.16,529.19,322,402
664,561,19,557.75,18,2319.97,1849.46,323,557
866,424,17,731.37,18,75.3,1496.83,324,221
954,837,10,567.81,9,2693.67,875.14,325,899
611,983,16,546.58,15,2200.4,2608.82,326,879
85,157,13,658.1,16,862.7,1915.83,327,730
257,9,20,194.55,10,200.75,2177.9,328,406
3,680,16,700.75,15,2377.3,1728.99,329,168
620,808,12,198.53,17,1459.63,2109.29,330,768
138,316,20,520.4,6,1834.3,1902.6,331,413
374,919,10,90.88,14,1978.13,1665.97,332,851
12,666,18,101.89,15,1475.61,1788.55,333,560
188,804,20,405.12,2,2499.39,1928.23,334,524
450,657,19,847.9,10,2047.08,1490.12,335,388
775,513,14,387.98,10,1453.45,1599.38,336,705
82,426,19,120.74,11,1008.31,991.39,337,795
763,181,11,387.82,12,1710.59,256.31,338,731
134,559,17,301.45,14,341.11,1751.14,339,298
553,591,18,220.12,20,1872.65,1455.71,340,886
222,112,19,964.58,10,2532.55,2265.76,341,434
638,815,20,944.85,10,2909.06,2492.12,342,318
40,146,16,448.48,3,1037.17,2196.82,343,274
786,131,19,734.19,9,359.57,1538.25,344,866
170,514,18,783.08,16,2223.97,2637.3,345,313
437,778,10,676.8,11,1075.22,2612.41,346,521
243,920,12,233.24,11,503.64,2196.41,347,17
206,303,14,855.15,8,162.48,2127.08,348,830
748,689,16,852.98,19,827.74,467.98,349,931
477,212,19,343.33,4,167.64,1152.94,350,968
957,869,10,630.11,7,2423.33,2498.89,351,99
195,807,19,724.14,20,1371.95,859.81,352,763
707,198,11,572.69,13,773.81,2723.59,353,438
339,773,20,806.4,13,220.89,2930.43,354,624
950,779,15,795.99,13,1092.36,1519.03,355,790
952,322,17,489.76,1,1478.65,1525.47,356,655
741,135,16,466.59,2,250.32,2556.73,357,193
715,341,11,502.52,10,638.09,2760.89,358,507
491,841,18,751.29,19,1674.37,1954.69,359,207
987,440,14,572.46,20,808.25,220.4,360,105
232,564,16,862.89,2,1790.6,484.71,361,626
317,801,15,921.56,1,1847.39,2041.62,362,456
867,297,18,533.54,8,716.44,2278.43,363,165
577,535,11,605.24,17,1973.43,2047.22,364,20
51,245,20,574.63,19,1845.67,2910.96,365,920
207,677,14,485.72,12,866.8,2338.22,366,796
572,573,13,950.99,1,991.77,2470.67,367,915
552,842,17,413.77,6,993.22,2500.76,368,426
620,648,12,455.57,5,2511.41,1609.35,369,765
556,933,12,978.55,5,1663.55,848.63,370,384
32,371,17,878.73,14,2937.62,2846.93,371,627
111,270,11,888.51,18,2104.11,489.67,372,788
610,850,15,957.55,8,1849.6,590.09,373,549
195,952,13,264.97,14,2350.88,185.68,374,134
399,518,14,182.59,13,2301.05,2664.61,375,762
621,236,13,649.08,17,1878.6,2830.11,376,379
607,120,15,683.07,17,2418.86,1318.48,377,703
20,189,14,271.61,2,818.82,2650.47,378,827
795,491,20,122.23,4,2149.42,724.28,379,445
876,949,13,933.32,2,2263.01,202.22,380,575
937,587,20,238.71,1,996.75,1450.36,381,293
331,90,14,297.44,18,1784.66,169.13,382,594
973,118,12,426.91,10,2969.4,1413.76,383,924
86,307,18,217.39,9,1155.72,1118.34,384,326
623,847,13,434.24,3,2942.92,2072.88,385,213
201,565,16,959.22,2,2682.22,1487.86,386,331
450,771,17,765.4,8,1340.15,357.31,387,724
246,90,15,477.84,16,2513.34,1319.1,388,927
231,406,13,879.89,16,2099.99,2693.71,389,825
689,690,10,669.87,12,1183.31,1625.88,390,197
522,574,17,230.9,14,1283.94,2951.83,391,850
483,309,13,493.67,15,2120.45,2447.72,392,286
249,160,15,396.2,18,336.15,1684.75,393,350
352,864,14,944.61,7,1508.51,2531.53,394,358
462,682,17,795.33,11,2907.52,1185.54,395,150
567,986,12,786.99,14,654.35,1957.14,396,552
769,145,20,793.57,6,2699.88,2624.39,397,925
896,302,12,654.98,2,1679.05,2247.65,398,27
882,653,18,726.19,17,1388.93,843.15,399,850
893,638,15,126.5,13,2730.18,876.58,400,650
638,280,14,958.37,15,980.17,2088.75,401,123
688,863,17,999.18,9,2105.49,530.83,402,792
217,985,11,554.95,9,224.94,181.0,403,688
94,810,13,234.28,20,2090.43,2339.93,404,233
181,407,17,642.5,19,305.23,137.79,405,254
37,385,19,252.14,16,2540.21,1106.34,406,303
858,802,17,245.13,16,703.48,2017.0,407,767
201,803,12,234.73,16,702.54,1366.69,408,657
339,509,12,639.98,12,887.79,2024.59,409,863
268,408,19,199.35,14,782.74,505.63,410,204
491,279,12,428.92,3,705.16,2700.94,411,736
314,427,13,701.02,6,302.12,358.96,412,798
544,939,19,673.0,10,1222.88,2176.43,413,25
939,153,20,183.14,7,2980.4,1826.76,414,618
783,161,18,693.1,12,852.84,995.27,415,974
39,682,10,971.98,2,2694.24,2478.69,416,249
357,790,18,619.14,5,902.55,2343.44,417,465
405,583,12,179.32,4,2492.22,617.47,418,493
139,655,12,869.06,11,1944.28,1801.39,419,872
154,635,10,990.59,17,2273.01,1041.27,420,225
226,506,14,385.84,8,2254.33,1176.57,421,129
928,334,17,805.34,7,98.7,2072.85,422,504
289,618,19,697.37,13,2098.51,2807.44,423,1000
35,53,14,258.66,1,2417.33,2361.53,424,861
913,6,18,112.08,13,2494.77,2166.52,425,623
990,649,18,929.0,4,1495.8,1988.0,426,187
719,133,14,274.97,2,1122.07,1011.59,427,17
630,227,18,593.88,17,1616.71,1431.91,428,863
4,311,12,335.17,20,1008.27,814.38,429,423
804,767,20,350.09,7,2872.83,1391.04,430,485
821,538,16,214.61,5,923.16,1243.58,431,953
763,845,20,493.38,8,2614.76,1040.11,432,864
304,780,14,331.61,13,977.45,772.0,433,514
48,981,14,862.01,11,1376.24,1785.79,434,854
359,665,16,720.12,11,2739.42,1376.91,435,532
314,142,19,263.22,15,2887.07,242.75,436,325
313,160,20,359.47,11,1273.92,1357.77,437,488
434,376,14,397.81,2,1255.6,2202.09,438,48
899,355,20,318.65,2,1010.14,605.87,439,149
755,648,15,548.11,13,1344.86,309.0,440,154
855,677,20,811.94,6,2483.83,2893.18,441,102
186,731,11,400.12,4,307.94,630.1,442,738
524,16,19,335.21,14,1447.26,1220.63,443,85
165,24,12,170.45,15,1455.94,1954.44,444,413
751,802,10,706.59,5,887.94,753.73,445,157
791,278,14,675.39,6,2794.3,811.24,446,205
457,292,20,368.51,16,385.9,1575.39,447,756
656,272,16,599.48,18,1027.4,1723.83,448,649
484,156,10,722.01,14,599.7,879.11,449,396
953,239,15,400.39,16,1217.47,1686.19,450,793
205,860,17,203.63,19,1904.07,1812.35,451,200
611,939,15,946.18,14,645.83,2419.63,452,244
53,592,19,112.19,4,1182.33,2448.14,453,820
210,544,13,116.69,5,2531.87,1446.85,454,998
914,237,13,191.95,13,1231.43,773.74,455,269
750,701,18,943.2,6,2152.98,804.7,456,927
217,281,19,239.21,11,1486.03,1346.45,457,555
568,905,17,417.25,11,2538.98,2700.7,458,277
368,283,18,394.83,15,957.77,1644.46,459,338
729,143,14,601.12,11,2590.47,2640.2,460,858
690,6,15,907.91,19,2754.97,2834.97,461,293
660,58,10,389.42,20,2306.61,2445.26,462,155
541,748,16,414.42,13,1796.39,1352.8,463,743
776,930,16,446.96,7,2970.32,1734.84,464,233
56,102,10,837.11,11,480.74,1815.9,465,82
669,783,16,738.59,15,2362.12,2829.69,466,537
345,268,18,975.93,5,838.79,75.23,467,979
773,582,13,590.24,14,2487.16,1855.48,468,123
857,709,19,82.16,20,2199.08,1495.85,469,945
923,660,14,553.25,19,2497.59,2812.1,470,329
988,153,13,402.3,6,84.64,742.95,471,946
500,37,19,103.27,19,936.55,1233.42,472,482
719,253,16,724.47,3,2941.38,2203.75,473,546
284,167,19,906.98,14,714.77,2263.05,474,444
882,203,18,467.78,2,360.62,1012.36,475,570
933,478,16,918.52,17,691.21,2516.26,476,192
84,725,10,158.93,14,369.76,1336.45,477,77
512,12,15,819.1,7,2617.1,1823.17,478,53
364,912,20,794.51,7,2036.95,1269.15,479,636
663,296,12,340.76,10,2269.23,1066.34,480,352
239,983,14,710.63,5,2031.48,1790.68,481,808
571,932,10,388.52,10,1724.27,306.78,482,862
568,201,19,882.84,18,360.18,2270.78,483,842
752,630,14,405.69,10,1085.59,2596.58,484,562
898,398,16,943.72,15,509.12,2751.36,485,65
9,522,19,402.74,7,167.98,601.07,486,477
109,873,18,963.3,10,178.48,692.14,487,104
270,637,19,393.52,20,1017.57,270.23,488,977
646,33,16,230.59,18,822.91,2141.26,489,920
228,499,13,560.72,7,1784.77,674.71,490,446
59,466,19,193.99,18,2882.31,2641.31,491,882
481,497,11,360.72,5,1387.23,2636.98,492,973
782,838,17,358.92,1,846.23,1382.89,493,956
559,467,10,446.51,18,2871.23,344.66,494,837
990,829,12,194.67,10,801.0,1744.09,495,145
645,791,13,712.3,10,1743.64,417.24,496,240
682,743,13,851.95,4,1380.75,1130.82,497,287
438,602,10,508.85,7,2223.7,596.84,498,695
833,994,10,583.13,12,1156.94,1185.62,499,495
620,972,15,686.68,2,2043.93,960.55,500,243
535,609,10,943.98,5,1000.62,1118.79,501,476
987,680,13,553.9,3,2052.22,1878.7,502,599
263,484,10,248.61,11,1838.04,1212.25,503,681
79,708,15,679.29,10,1050.93,611.83,504,746
843,136,18,815.05,15,2887.26,2683.0,505,155
520,227,18,709.44,10,1843.02,2288.97,506,328
543,135,19,262.24,15,2025.27,337.43,507,807
794,565,19,117.9,2,2206.03,2807.26,508,394
240,712,19,864.31,19,1513.55,1119.55,509,220
371,706,17,251.91,8,625.18,613.09,510,591
209,861,18,595.43,7,107.4,1416.91,511,343
675,455,16,685.7,14,2353.68,463.35,512,131
617,656,17,676.37,4,539.2,733.22,513,699
817,53,14,903.48,9,1172.22,2974.73,514,566
693,905,11,422.72,8,485.88,2636.77,515,26
832,693,20,906.75,13,2074.67,1831.04,516,684
259,262,10,385.44,9,1491.19,193.8,517,539
929,253,17,983.73,7,2866.65,2584.63,518,975
395,238,10,485.6,16,2099.43,686.55,519,655
626,572,16,238.8,3,2162.67,1929.54,520,405
324,829,16,690.84,20,2114.53,1176.45,521,948
971,702,20,523.97,16,2053.14,2199.69,522,938
401,72,20,862.7,10,2898.25,2612.67,523,196
488,736,13,366.1,4,2264.17,365.02,524,598
387,290,13,333.22,20,980.43,1947.26,525,74
842,458,20,674.23,9,2339.05,2685.73,526,929
17,701,17,817.05,15,2628.82,1775.37,527,590
900,216,12,93.26,8,1468.61,1474.52,528,881
618,164,11,930.0,9,2069.02,2368.54,529,705
921,790,14,540.75,8,803.69,888.06,530,739
326,414,11,496.12,17,2628.81,2071.42,531,450
764,438,17,689.74,5,945.58,2485.97,532,167
722,368,10,690.06,10,1802.29,1311.16,533,982
509,979,11,888.73,15,1653.62,1148.72,534,389
375,722,15,139.36,16,1368.24,2323.75,535,535
969,997,10,341.72,17,511.6,1783.96,536,599
506,588,10,649.49,16,2008.53,1522.33,537,929
52,913,12,994.99,11,1422.11,1696.17,538,830
663,138,14,741.46,3,860.92,2259.55,539,341
650,364,10,641.89,2,2300.11,2283.04,540,168
441,714,17,253.07,12,2524.39,202.3,541,79
999,96,13,703.08,2,1032.55,2220.85,542,927
997,749,14,242.63,6,1298.13,1657.12,543,714
852,760,13,999.36,11,1177.47,2370.35,544,28
40,538,18,888.89,10,822.41,1239.08,545,676
302,735,19,258.52,10,2750.55,2748.46,546,485
526,306,18,220.24,19,653.29,297.59,547,154
286,407,19,96.71,13,1932.27,2429.29,548,120
535,214,19,161.57,13,399.92,2297.87,549,34
485,394,14,994.41,14,1607.36,375.38,550,911
759,17,20,373.88,4,2785.74,2160.83,551,13
830,411,18,360.8,8,660.25,977.88,552,57
387,220,17,882.93,5,2195.37,2006.6,553,367
933,260,14,561.79,14,1600.9,1063.75,554,780
669,22,10,544.83,6,1847.54,2061.24,555,157
906,252,15,923.83,17,1656.72,2067.05,556,346
953,294,17,871.74,8,1974.23,2962.08,557,493
907,211,16,358.73,16,1291.66,464.09,558,870
617,229,15,905.88,3,1459.34,2959.16,559,217
236,335,20,559.48,15,1758.76,224.35,560,25
3,374,10,509.97,2,2701.96,1312.5,561,757
883,661,12,358.85,8,1416.58,1396.51,562,660
101,262,10,523.41,3,1269.4,939.86,563,376
238,15,18,571.74,16,2762.22,2292.07,564,605
632,261,10,100.16,13,651.62,2042.3,565,42
634,825,13,949.63,5,2710.42,223.73,566,628
475,457,12,488.56,4,1419.93,131.38,567,518
149,220,11,783.68,8,1722.49,340.05,568,79
620,273,15,792.9,9,2983.61,1409.77,569,574
825,600,17,955.51,7,2777.45,1745.87,570,492
248,577,11,962.21,3,1049.39,2955.1,571,360
239,680,20,819.03,5,1162.7,514.81,572,563
425,374,20,673.73,4,2624.09,1932.07,573,747
43,108,13,668.0,13,1429.25,1031.89,574,5
390,332,10,804.49,10,2732.87,1609.47,575,785
457,919,11,410.1,18,2958.83,2649.32,576,9
686,585,18,447.8,14,936.84,1916.41,577,358
876,150,19,816.51,1,378.12,147.83,578,378
60,701,13,704.37,11,1737.67,604.39,579,676
680,372,11,701.42,9,692.87,2890.36,580,566
60,845,10,376.75,9,2060.71,1795.68,581,519
734,995,10,427.04,17,1226.03,2222.24,582,901
520,146,14,468.02,9,1508.44,2350.13,583,222
808,357,20,975.93,11,1828.43,488.81,584,749
150,981,20,802.88,5,2458.85,825.73,585,140
358,85,14,937.8,6,2384.16,1107.01,586,392
338,717,16,644.89,2,2255.64,332.05,587,412
153,975,14,805.64,19,1059.26,2623.73,588,527
196,573,16,401.56,9,2267.21,197.97,589,679
701,571,13,952.41,8,1844.29,1780.25,590,154
638,255,12,978.04,6,2459.08,1858.88,591,212
494,808,11,581.46,16,137.36,2282.82,592,523
504,174,17,645.98,17,1341.93,1093.78,593,260
650,270,10,950.98,16,1403.06,2571.99,594,235
950,708,11,972.89,9,1604.51,1040.22,595,815
554,192,16,347.77,13,1252.71,1322.7,596,892
140,655,14,822.61,18,2000.99,860.73,597,498
248,605,11,387.75,17,2545.84,1389.43,598,496
529,562,14,178.71,5,2036.56,2133.31,599,981
65,232,19,866.21,18,2386.82,1242.76,600,201
14,220,18,680.86,17,671.29,1781.8,601,373
817,453,12,398.6,8,2999.92,310.46,602,696
663,280,13,109.18,6,740.06,1923.12,603,707
632,6,16,432.39,2,1228.83,92.34,604,412
907,877,13,741.47,16,2370.05,139.45,605,489
356,342,13,307.5,2,980.31,178.86,606,25
967,40,19,678.26,7,2492.99,726.6,607,44
578,403,14,343.92,8,1805.79,2346.15,608,795
928,784,10,504.16,18,1950.71,2919.06,609,53
947,51,10,918.46,17,2750.66,1612.15,610,434
79,288,17,553.26,18,1437.33,2018.2,611,491
324,297,13,912.62,1,1955.13,1674.61,612,585
737,287,16,858.04,7,2476.96,2349.86,613,437
400,64,17,159.85,16,536.97,214.7,614,97
143,595,19,629.81,4,1080.23,2644.65,615,212
196,562,18,121.34,10,1408.72,1162.7,616,784
126,455,18,157.41,1,2564.42,1416.2,617,335
495,948,19,354.11,14,199.68,461.07,618,408
105,815,19,418.17,16,1164.85,2025.26,619,653
44,35,19,355.34,8,1012.58,2170.95,620,427
611,466,11,751.51,17,1865.48,1437.55,621,44
670,871,13,400.24,14,913.49,1492.03,622,247
438,260,13,865.98,16,163.7,2492.52,623,438
714,852,12,132.78,1,998.39,2798.85,624,74
855,620,15,492.01,19,996.91,2911.93,625,670
102,613,13,331.49,3,128.33,1504.03,626,632
867,505,17,987.64,5,2984.74,2892.17,627,173
781,631,19,734.82,9,2757.5,1920.39,628,559
19,443,16,101.85,16,1638.03,2580.75,629,132
743,419,16,409.74,3,971.27,1541.54,630,218
767,250,20,310.9,6,793.66,1058.89,631,592
455,800,16,288.79,6,1937.98,2184.09,632,663
734,777,10,600.99,1,2897.06,1917.14,633,466
643,898,13,363.31,9,2243.44,865.2,634,883
536,975,16,198.87,2,1349.83,1573.05,635,116
710,940,20,918.41,2,570.59,1334.48,636,33
346,78,10,875.95,9,2227.41,1962.4,637,553
378,433,12,785.97,1,1932.98,532.89,638,739
746,987,13,982.03,11,2648.82,2515.13,639,16
696,532,16,868.82,10,277.92,1953.21,640,390
355,300,17,172.81,16,2150.69,2720.53,641,428
116,84,10,495.25,7,119.82,275.03,642,626
169,754,19,262.52,13,743.67,1278.08,643,925
64,90,18,643.91,20,374.6,1261.19,644,163
622,41,16,159.59,3,2635.31,2243.1,645,616
698,654,19,599.08,17,1750.73,2457.75,646,806
978,693,15,316.78,19,2725.89,2266.29,647,291
144,396,19,501.94,7,1246.44,1875.43,648,893
406,999,13,384.32,10,119.86,1642.33,649,310
599,64,19,792.43,1,1572.67,281.33,650,478
507,177,13,453.79,20,2387.99,1052.81,651,585
425,685,14,367.93,6,2143.18,2081.0,652,483
659,402,11,227.45,2,2821.16,2014.82,653,535
915,635,11,251.01,12,260.27,531.21,654,263
110,256,14,909.7,8,1211.81,816.15,655,928
632,130,19,845.22,16,87.87,812.52,656,382
741,509,13,474.76,18,1524.6,2662.89,657,115
466,149,17,287.06,15,2864.27,1281.83,658,127
148,364,10,787.1,4,823.82,1070.87,659,592
361,78,12,286.64,16,173.47,1480.52,660,471
384,993,16,105.48,9,1948.1,2948.26,661,548
274,670,17,474.54,8,1629.81,2864.74,662,826
910,641,20,332.95,19,175.26,191.35,663,926
628,101,12,872.68,11,1383.23,338.23,664,379
77,160,19,984.58,5,1734.17,363.59,665,228
46,454,20,398.02,6,2373.46,1030.25,666,649
497,456,17,253.92,5,2754.24,934.7,667,720
61,54,12,447.01,20,2839.79,2145.92,668,546
954,474,20,624.47,12,2999.64,689.86,669,513
283,569,18,414.36,14,239.2,413.35,670,981
781,300,12,551.86,18,498.33,2871.18,671,799
695,949,10,297.46,8,180.35,2138.53,672,425
21,204,15,956.47,9,1900.07,1259.93,673,781
998,939,19,681.7,20,2861.07,2419.07,674,665
113,771,11,396.93,3,221.16,1502.89,675,548
358,227,12,619.37,15,2838.28,72.37,676,106
388,936,16,795.51,10,1511.98,570.15,677,115
255,905,16,958.7,14,496.4,843.95,678,947
798,89,18,474.68,11,1930.15,2612.63,679,621
895,224,13,719.44,4,425.37,1287.21,680,417
880,833,10,811.99,10,1935.02,1050.7,681,363
43,295,13,88.72,15,408.61,2393.14,682,736
134,792,10,371.89,19,864.11,949.52,683,396
178,538,11,396.04,17,159.18,1245.99,684,314
159,773,18,604.68,16,1415.15,2035.85,685,652
381,793,20,264.14,12,1959.25,193.65,686,638
21,590,20,237.4,12,220.82,1981.06,687,192
676,297,14,789.9,17,728.21,549.97,688,427
855,470,11,656.17,15,1249.02,1642.14,689,472
1,770,12,888.84,14,2995.21,2136.05,690,981
132,499,10,371.69,14,1453.57,2223.98,691,366
249,722,16,431.99,16,1783.58,1172.68,692,314
940,205,11,385.45,4,2029.65,1536.44,693,136
357,89,14,373.26,4,929.77,1621.19,694,137
390,537,15,258.76,3,2483.37,1354.09,695,710
974,100,16,925.71,8,440.69,224.88,696,300
295,573,19,646.43,6,2535.77,2328.43,697,47
64,88,20,197.54,1,768.77,1024.84,698,615
351,668,20,353.86,20,2466.6,116.32,699,404
347,537,20,677.94,18,2101.64,2260.92,700,794
560,934,13,210.53,14,2392.69,2262.61,701,840
872,900,10,846.41,14,241.8,1657.38,702,268
596,672,10,311.88,9,2006.84,1150.5,703,121
379,859,12,559.82,1,1370.86,2032.06,704,741
654,96,10,195.75,15,1116.75,1619.64,705,35
952,691,15,530.99,1,382.29,505.22,706,1000
631,750,20,882.73,8,1199.26,2009.75,707,758
590,486,11,176.4,13,2151.82,1475.5,708,751
533,79,11,464.57,4,2795.07,1266.28,709,279
27,795,11,625.17,2,1881.72,539.43,710,442
965,203,19,162.19,16,1472.29,610.76,711,905
812,646,14,327.06,8,2557.71,1762.77,712,510
481,592,12,128.99,14,2308.46,2670.97,713,25
106,578,10,661.36,6,2769.68,1660.26,714,610
324,336,11,902.39,7,268.27,2787.32,715,689
50,214,13,362.13,8,2635.79,544.17,716,459
88,621,10,773.95,2,2309.02,481.26,717,618
214,127,19,622.07,4,1674.81,538.92,718,127
110,156,15,254.12,4,333.19,1998.64,719,531
728,270,10,220.0,16,683.37,2089.38,720,120
76,341,12,283.89,10,1709.31,409.3,721,947
244,255,16,195.87,8,980.82,2593.57,722,481
874,636,12,186.65,7,903.29,2508.66,723,813
982,660,17,958.95,7,2945.6,2370.85,724,734
948,44,15,886.01,3,989.85,2786.77,725,496
530,777,15,979.81,17,250.76,1663.21,726,535
660,911,11,606.69,11,1249.63,2949.16,727,445
709,648,14,216.47,16,204.64,2983.98,728,696
595,508,12,429.94,6,2579.06,1669.01,729,658
509,169,14,378.59,9,2732.95,214.52,730,567
203,662,17,862.13,19,2142.14,2109.55,731,998
487,688,17,296.41,5,1159.21,859.29,732,479
442,243,16,701.22,1,424.42,627.5,733,623
98,214,16,814.95,10,686.37,308.2,734,694
159,871,14,259.11,6,2300.45,2328.69,735,981
200,665,13,423.18,14,2564.52,1731.11,736,417
3,661,12,921.61,8,1318.89,1204.03,737,799
546,534,11,374.1,18,1412.3,568.12,738,746
962,596,20,469.32,7,1835.38,991.91,739,207
768,388,15,837.9,12,422.15,1216.2,740,182
135,270,17,536.46,14,984.56,604.83,741,462
237,894,10,640.41,8,1768.22,154.99,742,766
962,675,10,858.42,4,376.57,2033.21,743,923
458,310,13,150.51,15,1768.32,1542.25,744,982
966,682,12,687.01,11,1061.01,1143.82,745,650
217,500,12,577.54,7,1657.13,2052.68,746,705
428,509,16,573.64,15,765.12,882.61,747,629
826,293,18,305.81,7,685.48,2160.16,748,907
478,736,20,634.54,8,1398.31,2448.08,749,144
985,62,10,654.8,16,558.44,972.57,750,999
111,162,13,743.36,2,1228.43,1217.41,751,106
948,892,19,342.48,3,2969.84,2698.92,752,51
110,510,11,255.59,20,1263.73,2279.17,753,617
330,817,20,701.99,8,1267.77,1561.99,754,187
11,761,11,719.97,10,2368.56,1936.82,755,348
301,763,18,819.49,3,720.71,1591.57,756,222
101,157,17,763.74,12,2450.56,1672.14,757,351
681,426,13,972.09,1,2977.39,1059.6,758,240
419,946,20,731.44,3,325.13,882.82,759,505
628,199,18,119.26,1,638.67,2131.8,760,504
961,22,17,205.25,4,483.36,1136.93,761,97
285,522,11,519.99,5,1532.39,830.51,762,820
929,952,15,475.02,8,2171.88,1053.57,763,44
986,95,16,912.65,6,2996.97,2849.97,764,772
772,81,14,393.98,14,1493.02,1091.22,765,498
404,855,17,319.13,1,1782.46,2441.6,766,696
338,123,18,965.61,20,1217.84,2333.58,767,340
581,362,14,546.73,5,2107.12,289.57,768,495
901,82,11,170.93,12,1837.26,2876.99,769,307
176,639,17,314.86,17,1196.43,297.8,770,916
337,349,14,942.79,1,2873.05,2687.65,771,627
117,137,18,449.65,19,443.4,1555.52,772,256
62,316,16,115.98,6,884.93,2006.1,773,237
679,887,14,789.56,2,797.36,121.82,774,448
365,963,10,170.79,1,217.67,2062.3,775,537
462,698,11,463.41,13,654.27,2846.72,776,120
71,691,18,497.31,17,2354.61,2396.35,777,624
714,390,13,136.62,1,843.17,2721.63,778,802
543,455,18,731.63,12,2478.09,76.27,779,562
599,843,16,636.02,1,744.22,2381.87,780,489
6,457,14,494.88,2,2986.65,2836.89,781,65
960,76,10,616.22,8,2335.03,1924.51,782,84
498,989,20,568.45,17,588.8,1699.18,783,781
536,128,10,148.36,7,895.35,1637.02,784,330
105,854,17,911.11,19,1393.25,1522.95,785,771
954,630,17,286.36,17,147.08,2772.33,786,162
693,499,13,418.04,2,339.91,1972.3,787,409
120,301,11,218.68,14,1933.65,2514.16,788,428
159,764,11,114.64,14,889.13,1099.19,789,193
241,319,13,80.73,1,1321.62,2831.37,790,894
492,497,16,375.65,3,2251.54,1663.99,791,654
939,346,17,131.21,3,2581.78,2253.22,792,120
224,483,19,555.31,15,569.42,1518.19,793,623
21,432,20,623.98,10,276.79,1409.75,794,426
632,883,11,788.47,17,1700.53,1849.4,795,192
381,390,13,980.29,12,877.83,2688.04,796,490
846,336,20,513.41,19,1314.01,125.25,797,369
538,529,10,532.88,6,1072.4,1785.61,798,566
802,582,13,987.86,9,1986.22,2927.23,799,535
219,200,14,912.75,12,2802.91,1358.27,800,564
169,235,11,470.81,7,2399.61,1243.89,801,468
405,920,10,869.8,20,1739.09,1255.22,802,319
926,91,11,392.54,16,1776.66,2872.41,803,978
740,456,10,708.14,18,1552.42,988.12,804,161
42,151,16,778.26,18,1179.13,1244.74,805,80
813,417,18,391.4,8,2754.86,1925.9,806,395
211,332,19,972.27,13,1493.91,2593.15,807,175
349,326,11,143.62,1,2114.24,1752.11,808,732
352,881,20,454.72,20,1403.99,1314.07,809,101
334,37,17,657.86,12,1619.3,2296.84,810,689
526,582,18,604.85,17,1449.93,1677.21,811,364
625,764,12,542.39,20,1711.98,2868.98,812,827
847,245,11,277.27,19,2189.13,1793.4,813,667
202,595,13,768.26,12,146.31,2825.42,814,440
772,397,17,340.48,8,2945.72,2437.5,815,42
961,954,19,352.85,8,1812.01,2919.78,816,129
38,340,19,786.21,17,1907.21,466.34,817,865
690,340,13,498.05,12,1702.06,2381.85,818,208
541,256,12,269.37,20,619.02,1766.43,819,625
377,695,19,992.95,10,1389.45,399.76,820,27
302,28,18,329.67,9,1056.68,1960.41,821,231
262,65,14,938.44,17,2405.47,2573.48,822,639
53,897,16,816.41,18,2926.26,1484.84,823,817
614,892,15,891.58,20,2345.47,778.33,824,522
900,84,12,170.3,20,778.08,2841.77,825,712
757,298,12,248.43,11,2966.84,2361.31,826,918
730,458,17,272.19,18,2263.01,1229.92,827,652
326,467,20,929.02,5,454.42,1576.43,828,268
159,996,17,871.94,16,552.2,340.9,829,548
425,259,13,984.61,17,2112.75,2139.97,830,909
621,441,10,450.76,2,226.49,1917.53,831,400
396,440,13,711.22,8,1360.01,1180.13,832,186
529,850,11,925.64,9,2443.71,1350.2,833,816
208,583,16,475.04,10,2883.47,2978.34,834,37
225,715,15,803.87,14,2414.37,1019.34,835,843
672,75,19,766.13,16,618.21,2133.12,836,438
570,452,13,624.45,10,2059.5,122.22,837,126
879,953,12,156.38,8,1423.36,80.96,838,667
199,61,11,996.81,9,91.52,1638.34,839,432
674,152,20,119.26,11,2338.72,1889.99,840,718
465,270,12,802.83,8,158.4,851.8,841,903
654,165,19,329.77,10,2314.27,2571.01,842,869
200,794,14,594.34,18,560.66,1884.8,843,488
597,483,12,195.65,13,1510.83,311.62,844,323
295,406,11,249.69,5,381.27,2409.67,845,751
953,268,14,965.1,9,2168.9,2158.75,846,829
32,934,20,734.61,12,811.74,1650.82,847,902
730,67,20,626.05,8,1772.84,1831.14,848,664
231,299,18,917.55,12,1966.05,1868.91,849,922
175,78,18,542.88,1,1809.61,694.6,850,46
161,340,17,314.77,14,1587.0,1189.84,851,118
266,343,20,715.7,12,1848.9,176.28,852,20
117,523,11,508.62,20,2956.61,834.24,853,318
76,21,12,631.33,6,2185.01,2865.89,854,429
779,650,10,379.67,6,1605.0,1611.65,855,689
548,557,14,164.99,19,579.57,1003.66,856,413
760,907,14,508.94,8,1694.7,1638.53,857,69
302,588,17,899.7,15,2780.47,612.36,858,120
154,955,16,917.99,20,1136.65,401.7,859,225
861,524,15,208.37,16,647.07,1849.01,860,284
298,233,10,397.85,16,198.33,1124.89,861,350
532,497,15,496.41,6,324.57,2817.87,862,582
973,682,19,94.63,5,2243.15,79.74,863,21
259,398,13,343.34,12,1528.55,1287.99,864,364
152,721,18,956.61,15,1764.9,1461.48,865,253
697,352,13,620.85,6,446.22,307.44,866,198
506,544,10,514.65,6,963.82,1619.64,867,681
14,175,12,876.06,3,868.11,1313.5,868,631
410,528,10,937.83,6,2181.6,1500.49,869,212
823,317,19,712.64,5,2543.48,2811.2,870,479
512,980,15,764.53,2,2045.41,1501.61,871,77
517,978,16,988.03,20,490.33,1464.02,872,900
516,603,11,957.61,9,2566.88,193.02,873,76
126,618,18,660.7,15,2945.42,1471.04,874,365
820,961,16,666.31,5,1497.77,1697.87,875,26
351,8,20,376.39,14,1522.85,2824.22,876,347
434,843,15,706.32,16,1337.0,2357.31,877,82
198,610,10,945.36,19,829.33,2552.33,878,138
899,652,17,895.96,12,1794.85,2630.77,879,903
601,415,11,128.83,13,2500.74,922.64,880,118
710,346,20,852.59,18,2277.5,302.31,881,447
929,263,11,340.74,2,1883.13,2490.76,882,803
428,41,11,696.5,12,1436.36,2241.41,883,96
394,7,10,558.01,13,1314.11,840.56,884,492
109,921,20,374.86,17,2141.51,2183.14,885,654
242,742,16,244.08,16,2313.03,2371.0,886,867
429,173,10,87.44,5,910.75,1570.2,887,6
891,462,16,184.54,18,2073.73,2219.98,888,261
351,146,13,155.43,16,2757.18,2053.06,889,992
162,772,18,87.34,17,901.44,326.42,890,178
633,377,15,373.93,17,89.21,2128.64,891,585
740,992,19,111.41,17,278.98,2787.05,892,534
531,235,19,885.63,2,473.27,2180.69,893,105
369,649,14,768.59,6,951.69,2627.67,894,763
418,358,15,726.68,18,1401.72,1901.12,895,484
412,581,18,307.94,2,296.29,1976.92,896,851
130,633,20,501.64,16,501.1,2507.56,897,73
420,845,11,192.45,17,1801.17,1497.0,898,726
768,644,16,866.73,5,2429.13,2689.89,899,996
267,332,15,899.57,19,572.73,977.6,900,325
111,581,15,819.75,1,1401.19,441.64,901,781
685,597,12,290.39,18,2442.21,2365.89,902,47
88,732,15,558.75,4,1340.22,614.8,903,723
669,688,19,731.08,14,2996.63,895.3,904,419
675,393,18,790.35,1,2907.98,1975.32,905,569
399,696,15,486.67,19,1408.59,1795.39,906,75
602,437,12,100.96,5,1512.58,1275.34,907,453
676,113,12,696.76,17,1697.19,1369.59,908,279
228,871,17,250.41,8,1500.68,2885.63,909,574
991,671,12,450.23,16,1913.72,2191.93,910,467
660,938,10,635.72,18,199.02,440.75,911,62
661,105,20,306.13,7,261.85,952.38,912,273
15,913,16,694.85,18,1078.11,1545.01,913,461
885,92,13,707.71,7,628.79,2217.87,914,206
262,43,10,692.41,3,2590.87,2892.86,915,449
297,950,20,708.92,17,1392.99,2231.18,916,901
42,119,19,749.82,13,1531.22,575.27,917,712
936,944,17,738.31,7,594.39,954.92,918,231
916,146,20,449.81,2,2685.61,1757.1,919,118
652,967,10,557.36,13,2375.62,2115.0,920,83
257,97,16,790.3,3,920.89,2972.86,921,374
223,240,10,280.5,6,1256.53,2886.49,922,994
820,575,16,574.38,3,845.5,1619.62,923,801
964,8,18,86.59,19,279.6,137.23,924,598
649,826,17,606.18,4,684.53,464.65,925,43
47,165,19,363.33,18,2416.45,580.98,926,148
686,880,15,874.37,3,1337.67,522.07,927,223
865,271,20,168.09,8,104.85,1907.74,928,504
907,257,17,648.74,11,569.9,1787.7,929,472
664,810,12,929.35,1,2667.75,2587.32,930,997
995,56,20,886.06,16,857.45,1997.7,931,543
620,725,11,271.0,11,2306.59,288.8,932,159
133,151,20,700.76,3,717.75,2054.61,933,616
709,663,16,454.16,1,2763.79,2287.48,934,269
724,749,12,897.24,14,2370.98,402.4,935,436
312,135,15,793.48,13,1726.7,329.76,936,61
271,650,13,426.59,9,1830.53,830.74,937,327
501,730,20,288.33,14,72.54,980.59,938,878
959,460,17,365.85,16,2537.34,483.96,939,860
224,765,10,327.95,6,984.76,1775.68,940,319
238,96,14,238.1,17,1442.56,2559.11,941,428
237,470,17,474.0,6,1783.77,1134.7,942,296
203,396,14,487.87,14,2240.01,1885.85,943,887
78,891,19,248.23,20,747.87,1859.33,944,264
819,233,13,623.68,15,1185.89,2726.44,945,736
487,440,19,406.02,10,1120.01,283.53,946,997
316,518,15,526.52,19,1470.54,2111.79,947,115
215,698,12,678.99,9,1115.68,2056.75,948,728
334,10,19,529.16,14,1642.27,798.07,949,948
792,433,15,81.05,5,907.79,2954.11,950,962
387,114,20,567.52,5,2163.33,1568.04,951,691
490,375,18,505.13,5,1298.9,2015.7,952,516
821,37,14,491.76,4,794.56,2792.76,953,529
265,857,11,194.19,18,643.53,284.02,954,757
977,664,16,630.94,8,1321.24,1401.41,955,526
37,560,15,328.63,9,375.04,1428.45,956,568
410,630,17,605.93,10,961.02,1235.84,957,900
389,244,19,336.51,11,1346.02,375.99,958,466
822,893,20,695.0,7,493.88,886.82,959,950
539,566,16,838.6,17,2450.74,2865.38,960,367
360,971,18,313.17,13,2351.7,2986.65,961,938
945,748,16,381.36,13,827.94,2733.47,962,89
520,613,19,321.42,14,2667.79,1394.87,963,290
825,859,12,946.78,19,2064.27,654.03,964,480
901,690,14,439.21,1,329.48,1566.58,965,459
666,362,11,754.94,14,1296.07,1036.89,966,846
892,740,19,503.55,14,658.79,1604.01,967,759
423,344,10,660.38,14,2687.86,1954.21,968,40
971,654,19,331.07,15,1935.16,946.18,969,118
54,943,16,361.57,14,1017.24,2074.95,970,12
280,541,12,201.0,7,367.48,1049.31,971,818
481,459,10,673.95,1,1385.81,1958.98,972,610
193,682,13,622.46,12,1527.23,1947.37,973,951
406,354,12,963.16,11,2217.82,2326.08,974,524
53,624,15,696.47,11,528.08,2266.06,975,595
686,873,11,351.78,1,2414.01,2086.42,976,17
265,736,12,334.71,9,2387.23,720.99,977,924
136,1000,13,141.33,5,2694.93,821.9,978,711
571,959,13,88.6,16,860.57,1150.94,979,720
145,377,15,291.7,12,1620.11,2428.75,980,862
975,940,16,908.05,5,2973.37,2830.15,981,599
77,300,18,540.65,20,1665.0,2501.41,982,171
236,619,17,299.51,9,2438.84,1380.35,983,953
59,949,14,615.14,14,2673.09,838.67,984,742
913,676,10,199.16,15,640.45,875.34,985,380
600,439,15,907.96,5,1900.83,951.45,986,145
313,551,20,789.83,20,315.18,2950.62,987,746
116,2,17,856.48,14,1522.63,223.69,988,69
765,483,19,584.46,4,1069.62,2733.73,989,571
310,469,12,347.49,10,964.02,830.51,990,917
160,970,16,819.56,20,1115.51,2963.41,991,733
229,698,14,319.76,14,2451.23,1677.48,992,949
503,569,16,435.75,18,1837.58,2530.87,993,799
917,429,15,739.76,7,2802.47,428.34,994,673
56,680,17,808.34,13,1114.88,657.38,995,654
350,394,18,865.04,10,213.36,250.65,996,46
698,451,10,117.69,11,2100.47,2484.53,997,176
858,267,12,917.48,11,562.51,1721.74,998,248
32,950,17,555.46,6,859.19,1461.58,999,843
546,153,15,829.27,12,1095.14,618.43,1000,824
